From,To,PM2.5,count,PM2.5_StationAverage
01-01-2020 00:00,02-01-2020 00:00,630.4300000000001,5,126.08600000000001
02-01-2020 00:00,03-01-2020 00:00,675.82,6,112.63666666666667
03-01-2020 00:00,04-01-2020 00:00,298.24,6,49.70666666666667
04-01-2020 00:00,05-01-2020 00:00,306.18,6,51.03
05-01-2020 00:00,06-01-2020 00:00,541.8100000000001,6,90.30166666666668
06-01-2020 00:00,07-01-2020 00:00,546.11,6,91.01833333333333
07-01-2020 00:00,08-01-2020 00:00,618.48,6,103.08
08-01-2020 00:00,09-01-2020 00:00,629.98,6,104.99666666666667
09-01-2020 00:00,10-01-2020 00:00,515.08,6,85.84666666666668
10-01-2020 00:00,11-01-2020 00:00,508.19999999999993,6,84.69999999999999
11-01-2020 00:00,12-01-2020 00:00,502.09000000000003,6,83.68166666666667
12-01-2020 00:00,13-01-2020 00:00,495.56000000000006,6,82.59333333333335
13-01-2020 00:00,14-01-2020 00:00,527.44,6,87.90666666666668
14-01-2020 00:00,15-01-2020 00:00,859.9200000000001,6,143.32000000000002
15-01-2020 00:00,16-01-2020 00:00,1063.99,6,177.33166666666668
16-01-2020 00:00,17-01-2020 00:00,867.18,6,144.53
17-01-2020 00:00,18-01-2020 00:00,691.02,6,115.17
18-01-2020 00:00,19-01-2020 00:00,502.26,6,83.71
19-01-2020 00:00,20-01-2020 00:00,508.3999999999999,6,84.73333333333332
20-01-2020 00:00,21-01-2020 00:00,376.71999999999997,6,62.78666666666666
21-01-2020 00:00,22-01-2020 00:00,442.12,6,73.68666666666667
22-01-2020 00:00,23-01-2020 00:00,588.56,6,98.09333333333332
23-01-2020 00:00,24-01-2020 00:00,788.88,6,131.48
24-01-2020 00:00,25-01-2020 00:00,479.65000000000003,6,79.94166666666668
25-01-2020 00:00,26-01-2020 00:00,383.31999999999994,6,63.886666666666656
26-01-2020 00:00,27-01-2020 00:00,614.87,6,102.47833333333334
27-01-2020 00:00,28-01-2020 00:00,668.13,6,111.355
28-01-2020 00:00,29-01-2020 00:00,660.22,6,110.03666666666668
29-01-2020 00:00,30-01-2020 00:00,304.67,6,50.778333333333336
30-01-2020 00:00,31-01-2020 00:00,349.74,6,58.29
31-01-2020 00:00,01-02-2020 00:00,439.91,6,73.31833333333334
01-02-2020 00:00,02-02-2020 00:00,349.87,6,58.31166666666667
02-02-2020 00:00,03-02-2020 00:00,396.85,6,66.14166666666667
03-02-2020 00:00,04-02-2020 00:00,398.01,6,66.335
04-02-2020 00:00,05-02-2020 00:00,472.24999999999994,6,78.70833333333333
05-02-2020 00:00,06-02-2020 00:00,593.85,6,98.97500000000001
06-02-2020 00:00,07-02-2020 00:00,471.9,6,78.64999999999999
07-02-2020 00:00,08-02-2020 00:00,472.37,6,78.72833333333334
08-02-2020 00:00,09-02-2020 00:00,553.5500000000001,5,110.71000000000001
09-02-2020 00:00,10-02-2020 00:00,347.6,4,86.9
10-02-2020 00:00,11-02-2020 00:00,403.15,5,80.63
11-02-2020 00:00,12-02-2020 00:00,626.3599999999999,6,104.39333333333332
12-02-2020 00:00,13-02-2020 00:00,515.5400000000001,5,103.10800000000002
13-02-2020 00:00,14-02-2020 00:00,584.03,6,97.33833333333332
14-02-2020 00:00,15-02-2020 00:00,626.6700000000001,6,104.44500000000001
15-02-2020 00:00,16-02-2020 00:00,454.62,6,75.77
16-02-2020 00:00,17-02-2020 00:00,599.73,6,99.955
17-02-2020 00:00,18-02-2020 00:00,625.8699999999999,6,104.31166666666665
18-02-2020 00:00,19-02-2020 00:00,550.41,6,91.735
19-02-2020 00:00,20-02-2020 00:00,489.53,6,81.58833333333332
20-02-2020 00:00,21-02-2020 00:00,357.54999999999995,6,59.59166666666666
21-02-2020 00:00,22-02-2020 00:00,500.77000000000004,6,83.46166666666667
22-02-2020 00:00,23-02-2020 00:00,631.29,6,105.21499999999999
23-02-2020 00:00,24-02-2020 00:00,557.0,6,92.83333333333333
24-02-2020 00:00,25-02-2020 00:00,661.68,6,110.27999999999999
25-02-2020 00:00,26-02-2020 00:00,475.55,6,79.25833333333334
26-02-2020 00:00,27-02-2020 00:00,241.94000000000003,6,40.32333333333334
27-02-2020 00:00,28-02-2020 00:00,290.76000000000005,6,48.46000000000001
28-02-2020 00:00,29-02-2020 00:00,447.96000000000004,6,74.66000000000001
29-02-2020 00:00,01-03-2020 00:00,445.95000000000005,6,74.325
01-03-2020 00:00,02-03-2020 00:00,553.49,6,92.24833333333333
02-03-2020 00:00,03-03-2020 00:00,586.4,6,97.73333333333333
03-03-2020 00:00,04-03-2020 00:00,492.21000000000004,6,82.03500000000001
04-03-2020 00:00,05-03-2020 00:00,293.13,6,48.855
05-03-2020 00:00,06-03-2020 00:00,212.66,6,35.443333333333335
06-03-2020 00:00,07-03-2020 00:00,225.67000000000002,6,37.61166666666667
07-03-2020 00:00,08-03-2020 00:00,195.13,6,32.52166666666667
08-03-2020 00:00,09-03-2020 00:00,236.74,6,39.45666666666667
09-03-2020 00:00,10-03-2020 00:00,329.21,6,54.86833333333333
10-03-2020 00:00,11-03-2020 00:00,412.31000000000006,6,68.71833333333335
11-03-2020 00:00,12-03-2020 00:00,342.18999999999994,6,57.03166666666666
12-03-2020 00:00,13-03-2020 00:00,348.6600000000001,6,58.110000000000014
13-03-2020 00:00,14-03-2020 00:00,356.41,6,59.40166666666667
14-03-2020 00:00,15-03-2020 00:00,303.48,6,50.580000000000005
15-03-2020 00:00,16-03-2020 00:00,148.43,6,24.738333333333333
16-03-2020 00:00,17-03-2020 00:00,340.82000000000005,6,56.80333333333334
17-03-2020 00:00,18-03-2020 00:00,376.34000000000003,6,62.723333333333336
18-03-2020 00:00,19-03-2020 00:00,480.88,6,80.14666666666666
19-03-2020 00:00,20-03-2020 00:00,518.8900000000001,6,86.48166666666668
20-03-2020 00:00,21-03-2020 00:00,266.06,6,44.343333333333334
21-03-2020 00:00,22-03-2020 00:00,273.18,6,45.53
22-03-2020 00:00,23-03-2020 00:00,102.89,6,17.148333333333333
23-03-2020 00:00,24-03-2020 00:00,155.61,5,31.122000000000003
24-03-2020 00:00,25-03-2020 00:00,217.76,6,36.29333333333333
25-03-2020 00:00,26-03-2020 00:00,330.14,6,55.02333333333333
26-03-2020 00:00,27-03-2020 00:00,235.34000000000003,6,39.223333333333336
27-03-2020 00:00,28-03-2020 00:00,277.15,6,46.19166666666666
28-03-2020 00:00,29-03-2020 00:00,237.85,5,47.57
29-03-2020 00:00,30-03-2020 00:00,167.45,4,41.8625
30-03-2020 00:00,31-03-2020 00:00,183.63,4,45.9075
31-03-2020 00:00,01-04-2020 00:00,241.37999999999997,5,48.275999999999996
01-04-2020 00:00,02-04-2020 00:00,251.46,5,50.292
02-04-2020 00:00,03-04-2020 00:00,219.51,5,43.902
03-04-2020 00:00,04-04-2020 00:00,228.48,5,45.696
04-04-2020 00:00,05-04-2020 00:00,309.33,5,61.866
05-04-2020 00:00,06-04-2020 00:00,308.84999999999997,6,51.474999999999994
06-04-2020 00:00,07-04-2020 00:00,238.95000000000002,6,39.825
07-04-2020 00:00,08-04-2020 00:00,228.4,6,38.06666666666667
08-04-2020 00:00,09-04-2020 00:00,137.75,6,22.958333333333332
09-04-2020 00:00,10-04-2020 00:00,119.16000000000001,6,19.860000000000003
10-04-2020 00:00,11-04-2020 00:00,94.51,5,18.902
11-04-2020 00:00,12-04-2020 00:00,114.44,6,19.073333333333334
12-04-2020 00:00,13-04-2020 00:00,139.5,6,23.25
13-04-2020 00:00,14-04-2020 00:00,146.3,6,24.383333333333336
14-04-2020 00:00,15-04-2020 00:00,161.2,6,26.866666666666664
15-04-2020 00:00,16-04-2020 00:00,145.42,6,24.236666666666665
16-04-2020 00:00,17-04-2020 00:00,181.7,6,30.28333333333333
17-04-2020 00:00,18-04-2020 00:00,129.25,6,21.541666666666668
18-04-2020 00:00,19-04-2020 00:00,105.89999999999999,6,17.65
19-04-2020 00:00,20-04-2020 00:00,73.92999999999999,6,12.321666666666665
20-04-2020 00:00,21-04-2020 00:00,71.38,5,14.276
21-04-2020 00:00,22-04-2020 00:00,61.169999999999995,5,12.233999999999998
22-04-2020 00:00,23-04-2020 00:00,78.73,5,15.746
23-04-2020 00:00,24-04-2020 00:00,65.39,5,13.078
24-04-2020 00:00,25-04-2020 00:00,51.980000000000004,5,10.396
25-04-2020 00:00,26-04-2020 00:00,77.4,5,15.48
26-04-2020 00:00,27-04-2020 00:00,73.16,5,14.632
27-04-2020 00:00,28-04-2020 00:00,60.75,6,10.125
28-04-2020 00:00,29-04-2020 00:00,44.92,6,7.486666666666667
29-04-2020 00:00,30-04-2020 00:00,100.98,6,16.830000000000002
30-04-2020 00:00,01-05-2020 00:00,81.65,6,13.608333333333334
01-05-2020 00:00,02-05-2020 00:00,62.120000000000005,6,10.353333333333333
02-05-2020 00:00,03-05-2020 00:00,102.26,6,17.043333333333333
03-05-2020 00:00,04-05-2020 00:00,108.52999999999999,6,18.08833333333333
04-05-2020 00:00,05-05-2020 00:00,128.8,6,21.46666666666667
05-05-2020 00:00,06-05-2020 00:00,102.44000000000001,6,17.073333333333334
06-05-2020 00:00,07-05-2020 00:00,80.2,6,13.366666666666667
07-05-2020 00:00,08-05-2020 00:00,97.94999999999999,6,16.325
08-05-2020 00:00,09-05-2020 00:00,98.92000000000002,6,16.486666666666668
09-05-2020 00:00,10-05-2020 00:00,124.95000000000002,6,20.825000000000003
10-05-2020 00:00,11-05-2020 00:00,74.97,4,18.7425
11-05-2020 00:00,12-05-2020 00:00,77.71000000000001,4,19.427500000000002
12-05-2020 00:00,13-05-2020 00:00,115.78,4,28.945
13-05-2020 00:00,14-05-2020 00:00,96.27,4,24.0675
14-05-2020 00:00,15-05-2020 00:00,65.26,4,16.315
15-05-2020 00:00,16-05-2020 00:00,49.06,4,12.265
16-05-2020 00:00,17-05-2020 00:00,44.36,4,11.09
17-05-2020 00:00,18-05-2020 00:00,41.06,4,10.265
18-05-2020 00:00,19-05-2020 00:00,48.94,4,12.235
19-05-2020 00:00,20-05-2020 00:00,62.14,6,10.356666666666667
20-05-2020 00:00,21-05-2020 00:00,59.56999999999999,6,9.928333333333333
21-05-2020 00:00,22-05-2020 00:00,43.42,6,7.236666666666667
22-05-2020 00:00,23-05-2020 00:00,84.95,5,16.990000000000002
23-05-2020 00:00,24-05-2020 00:00,109.44,5,21.887999999999998
24-05-2020 00:00,25-05-2020 00:00,95.03999999999999,5,19.008
25-05-2020 00:00,26-05-2020 00:00,80.88,5,16.176
26-05-2020 00:00,27-05-2020 00:00,74.5,5,14.9
27-05-2020 00:00,28-05-2020 00:00,84.85,6,14.141666666666666
28-05-2020 00:00,29-05-2020 00:00,77.72,5,15.544
29-05-2020 00:00,30-05-2020 00:00,89.94999999999999,5,17.99
30-05-2020 00:00,31-05-2020 00:00,71.47,5,14.294
31-05-2020 00:00,01-06-2020 00:00,72.55,5,14.51
01-06-2020 00:00,02-06-2020 00:00,72.17999999999999,6,12.03
02-06-2020 00:00,03-06-2020 00:00,71.73,6,11.955
03-06-2020 00:00,04-06-2020 00:00,86.88,6,14.479999999999999
04-06-2020 00:00,05-06-2020 00:00,93.66,6,15.61
05-06-2020 00:00,06-06-2020 00:00,65.95,6,10.991666666666667
06-06-2020 00:00,07-06-2020 00:00,95.94999999999999,6,15.991666666666665
07-06-2020 00:00,08-06-2020 00:00,140.69,6,23.448333333333334
08-06-2020 00:00,09-06-2020 00:00,140.05,6,23.34166666666667
09-06-2020 00:00,10-06-2020 00:00,112.95,6,18.825
10-06-2020 00:00,11-06-2020 00:00,76.07999999999998,6,12.679999999999998
11-06-2020 00:00,12-06-2020 00:00,39.64,6,6.6066666666666665
12-06-2020 00:00,13-06-2020 00:00,49.879999999999995,6,8.313333333333333
13-06-2020 00:00,14-06-2020 00:00,51.62,6,8.603333333333333
14-06-2020 00:00,15-06-2020 00:00,57.050000000000004,6,9.508333333333335
15-06-2020 00:00,16-06-2020 00:00,68.11,6,11.351666666666667
16-06-2020 00:00,17-06-2020 00:00,56.86,6,9.476666666666667
17-06-2020 00:00,18-06-2020 00:00,83.44,6,13.906666666666666
18-06-2020 00:00,19-06-2020 00:00,91.69,6,15.281666666666666
19-06-2020 00:00,20-06-2020 00:00,105.25999999999999,6,17.543333333333333
20-06-2020 00:00,21-06-2020 00:00,63.89,6,10.648333333333333
21-06-2020 00:00,22-06-2020 00:00,54.78,6,9.13
22-06-2020 00:00,23-06-2020 00:00,81.50999999999999,6,13.584999999999999
23-06-2020 00:00,24-06-2020 00:00,92.69,6,15.448333333333332
24-06-2020 00:00,25-06-2020 00:00,97.24,6,16.206666666666667
25-06-2020 00:00,26-06-2020 00:00,75.61,5,15.122
26-06-2020 00:00,27-06-2020 00:00,56.64,6,9.44
27-06-2020 00:00,28-06-2020 00:00,46.480000000000004,6,7.746666666666667
28-06-2020 00:00,29-06-2020 00:00,52.16,5,10.431999999999999
29-06-2020 00:00,30-06-2020 00:00,85.88999999999999,6,14.314999999999998
30-06-2020 00:00,01-07-2020 00:00,80.07000000000001,6,13.345
01-07-2020 00:00,02-07-2020 00:00,67.23,6,11.205
02-07-2020 00:00,03-07-2020 00:00,69.72,6,11.62
03-07-2020 00:00,04-07-2020 00:00,64.42999999999999,6,10.738333333333332
04-07-2020 00:00,05-07-2020 00:00,68.42,6,11.403333333333334
05-07-2020 00:00,06-07-2020 00:00,54.269999999999996,5,10.854
06-07-2020 00:00,07-07-2020 00:00,50.84,5,10.168000000000001
07-07-2020 00:00,08-07-2020 00:00,85.42,5,17.084
08-07-2020 00:00,09-07-2020 00:00,130.68,5,26.136000000000003
09-07-2020 00:00,10-07-2020 00:00,105.07,5,21.014
10-07-2020 00:00,11-07-2020 00:00,70.77,5,14.154
11-07-2020 00:00,12-07-2020 00:00,84.1,5,16.82
12-07-2020 00:00,13-07-2020 00:00,117.25999999999999,5,23.451999999999998
13-07-2020 00:00,14-07-2020 00:00,82.8,4,20.7
14-07-2020 00:00,15-07-2020 00:00,78.83,5,15.766
15-07-2020 00:00,16-07-2020 00:00,33.68,4,8.42
16-07-2020 00:00,17-07-2020 00:00,28.29,5,5.6579999999999995
17-07-2020 00:00,18-07-2020 00:00,55.27,6,9.211666666666668
18-07-2020 00:00,19-07-2020 00:00,74.22999999999999,6,12.371666666666664
19-07-2020 00:00,20-07-2020 00:00,50.89,5,10.178
20-07-2020 00:00,21-07-2020 00:00,115.75,6,19.291666666666668
21-07-2020 00:00,22-07-2020 00:00,104.42,6,17.403333333333332
22-07-2020 00:00,23-07-2020 00:00,124.55,6,20.758333333333333
23-07-2020 00:00,24-07-2020 00:00,82.31,6,13.718333333333334
24-07-2020 00:00,25-07-2020 00:00,108.53999999999999,6,18.09
25-07-2020 00:00,26-07-2020 00:00,98.97000000000001,6,16.495
26-07-2020 00:00,27-07-2020 00:00,118.32,6,19.72
27-07-2020 00:00,28-07-2020 00:00,170.86,6,28.47666666666667
28-07-2020 00:00,29-07-2020 00:00,167.49,6,27.915000000000003
29-07-2020 00:00,30-07-2020 00:00,85.91,6,14.318333333333333
30-07-2020 00:00,31-07-2020 00:00,52.02,6,8.67
31-07-2020 00:00,01-08-2020 00:00,47.99,6,7.998333333333334
01-08-2020 00:00,02-08-2020 00:00,50.739999999999995,6,8.456666666666665
02-08-2020 00:00,03-08-2020 00:00,99.45,6,16.575
03-08-2020 00:00,04-08-2020 00:00,241.49000000000004,6,40.24833333333334
04-08-2020 00:00,05-08-2020 00:00,149.5,6,24.916666666666668
05-08-2020 00:00,06-08-2020 00:00,39.66,6,6.609999999999999
06-08-2020 00:00,07-08-2020 00:00,45.51,6,7.585
07-08-2020 00:00,08-08-2020 00:00,87.69,6,14.615
08-08-2020 00:00,09-08-2020 00:00,107.02000000000001,6,17.83666666666667
09-08-2020 00:00,10-08-2020 00:00,67.77,6,11.295
10-08-2020 00:00,11-08-2020 00:00,58.14,6,9.69
11-08-2020 00:00,12-08-2020 00:00,79.74,6,13.29
12-08-2020 00:00,13-08-2020 00:00,87.9,6,14.65
13-08-2020 00:00,14-08-2020 00:00,44.56999999999999,6,7.428333333333332
14-08-2020 00:00,15-08-2020 00:00,46.989999999999995,6,7.831666666666666
15-08-2020 00:00,16-08-2020 00:00,43.949999999999996,6,7.324999999999999
16-08-2020 00:00,17-08-2020 00:00,52.05,5,10.41
17-08-2020 00:00,18-08-2020 00:00,57.4,5,11.48
18-08-2020 00:00,19-08-2020 00:00,68.39,5,13.678
19-08-2020 00:00,20-08-2020 00:00,46.32,5,9.264
20-08-2020 00:00,21-08-2020 00:00,32.29,5,6.458
21-08-2020 00:00,22-08-2020 00:00,48.95,6,8.158333333333333
22-08-2020 00:00,23-08-2020 00:00,110.25999999999999,6,18.376666666666665
23-08-2020 00:00,24-08-2020 00:00,140.70999999999998,6,23.451666666666664
24-08-2020 00:00,25-08-2020 00:00,141.48,6,23.58
25-08-2020 00:00,26-08-2020 00:00,141.12,6,23.52
26-08-2020 00:00,27-08-2020 00:00,50.769999999999996,6,8.461666666666666
27-08-2020 00:00,28-08-2020 00:00,50.38,6,8.396666666666667
28-08-2020 00:00,29-08-2020 00:00,92.97999999999999,6,15.496666666666664
29-08-2020 00:00,30-08-2020 00:00,125.07999999999998,6,20.846666666666664
30-08-2020 00:00,31-08-2020 00:00,132.46,6,22.076666666666668
31-08-2020 00:00,01-09-2020 00:00,163.18,6,27.19666666666667
01-09-2020 00:00,02-09-2020 00:00,144.8,6,24.133333333333336
02-09-2020 00:00,03-09-2020 00:00,95.70000000000002,6,15.950000000000003
03-09-2020 00:00,04-09-2020 00:00,77.31,6,12.885
04-09-2020 00:00,05-09-2020 00:00,108.74999999999999,6,18.124999999999996
05-09-2020 00:00,06-09-2020 00:00,94.53999999999999,6,15.756666666666666
06-09-2020 00:00,07-09-2020 00:00,76.24,6,12.706666666666665
07-09-2020 00:00,08-09-2020 00:00,33.15,5,6.63
08-09-2020 00:00,09-09-2020 00:00,88.28,6,14.713333333333333
09-09-2020 00:00,10-09-2020 00:00,139.4,6,23.233333333333334
10-09-2020 00:00,11-09-2020 00:00,104.31,6,17.385
11-09-2020 00:00,12-09-2020 00:00,57.870000000000005,6,9.645000000000001
12-09-2020 00:00,13-09-2020 00:00,48.66,6,8.11
13-09-2020 00:00,14-09-2020 00:00,44.75,6,7.458333333333333
14-09-2020 00:00,15-09-2020 00:00,56.88,6,9.48
15-09-2020 00:00,16-09-2020 00:00,68.93,6,11.488333333333335
16-09-2020 00:00,17-09-2020 00:00,65.41999999999999,6,10.90333333333333
17-09-2020 00:00,18-09-2020 00:00,74.17,6,12.361666666666666
18-09-2020 00:00,19-09-2020 00:00,82.63,6,13.771666666666667
19-09-2020 00:00,20-09-2020 00:00,129.53,6,21.588333333333335
20-09-2020 00:00,21-09-2020 00:00,131.4,6,21.900000000000002
21-09-2020 00:00,22-09-2020 00:00,46.25,6,7.708333333333333
22-09-2020 00:00,23-09-2020 00:00,60.38000000000001,6,10.063333333333334
23-09-2020 00:00,24-09-2020 00:00,63.54999999999999,6,10.591666666666665
24-09-2020 00:00,25-09-2020 00:00,85.36,6,14.226666666666667
25-09-2020 00:00,26-09-2020 00:00,103.50999999999999,6,17.251666666666665
26-09-2020 00:00,27-09-2020 00:00,126.60000000000001,6,21.1
27-09-2020 00:00,28-09-2020 00:00,160.98,6,26.83
28-09-2020 00:00,29-09-2020 00:00,300.58,6,50.096666666666664
29-09-2020 00:00,30-09-2020 00:00,143.60999999999999,6,23.935
30-09-2020 00:00,01-10-2020 00:00,89.96,6,14.993333333333332
01-10-2020 00:00,02-10-2020 00:00,89.18999999999998,6,14.864999999999997
02-10-2020 00:00,03-10-2020 00:00,69.5,6,11.583333333333334
03-10-2020 00:00,04-10-2020 00:00,104.02999999999999,6,17.33833333333333
04-10-2020 00:00,05-10-2020 00:00,133.97,6,22.328333333333333
05-10-2020 00:00,06-10-2020 00:00,113.45999999999998,6,18.909999999999997
06-10-2020 00:00,07-10-2020 00:00,90.54,6,15.090000000000002
07-10-2020 00:00,08-10-2020 00:00,100.11999999999999,6,16.686666666666664
08-10-2020 00:00,09-10-2020 00:00,139.24,6,23.206666666666667
09-10-2020 00:00,10-10-2020 00:00,229.84999999999997,6,38.30833333333333
10-10-2020 00:00,11-10-2020 00:00,245.63,6,40.93833333333333
11-10-2020 00:00,12-10-2020 00:00,210.5,6,35.083333333333336
12-10-2020 00:00,13-10-2020 00:00,229.04999999999998,6,38.175
13-10-2020 00:00,14-10-2020 00:00,186.67000000000002,6,31.111666666666668
14-10-2020 00:00,15-10-2020 00:00,68.86,6,11.476666666666667
15-10-2020 00:00,16-10-2020 00:00,73.77,6,12.295
16-10-2020 00:00,17-10-2020 00:00,205.10999999999999,6,34.184999999999995
17-10-2020 00:00,18-10-2020 00:00,312.99,6,52.165
18-10-2020 00:00,19-10-2020 00:00,312.00999999999993,6,52.00166666666666
19-10-2020 00:00,20-10-2020 00:00,226.75,6,37.791666666666664
20-10-2020 00:00,21-10-2020 00:00,312.18000000000006,6,52.03000000000001
21-10-2020 00:00,22-10-2020 00:00,63.34,6,10.556666666666667
22-10-2020 00:00,23-10-2020 00:00,51.010000000000005,6,8.501666666666667
23-10-2020 00:00,24-10-2020 00:00,70.64,6,11.773333333333333
24-10-2020 00:00,25-10-2020 00:00,106.53999999999999,6,17.756666666666664
25-10-2020 00:00,26-10-2020 00:00,215.68,6,35.946666666666665
26-10-2020 00:00,27-10-2020 00:00,368.54,6,61.42333333333334
27-10-2020 00:00,28-10-2020 00:00,441.32,6,73.55333333333333
28-10-2020 00:00,29-10-2020 00:00,509.95,6,84.99166666666666
29-10-2020 00:00,30-10-2020 00:00,362.32000000000005,6,60.38666666666668
30-10-2020 00:00,31-10-2020 00:00,295.95,6,49.324999999999996
31-10-2020 00:00,01-11-2020 00:00,307.6,6,51.26666666666667
01-11-2020 00:00,02-11-2020 00:00,75.99,6,12.665
02-11-2020 00:00,03-11-2020 00:00,106.77000000000001,6,17.795
03-11-2020 00:00,04-11-2020 00:00,455.61999999999995,6,75.93666666666665
04-11-2020 00:00,05-11-2020 00:00,628.3499999999999,6,104.72499999999998
05-11-2020 00:00,06-11-2020 00:00,530.26,5,106.05199999999999
06-11-2020 00:00,07-11-2020 00:00,532.56,5,106.51199999999999
07-11-2020 00:00,08-11-2020 00:00,570.89,5,114.178
08-11-2020 00:00,09-11-2020 00:00,467.77000000000004,5,93.554
09-11-2020 00:00,10-11-2020 00:00,367.99999999999994,5,73.6
10-11-2020 00:00,11-11-2020 00:00,336.03999999999996,6,56.00666666666666
11-11-2020 00:00,12-11-2020 00:00,244.59,6,40.765
12-11-2020 00:00,13-11-2020 00:00,298.46,6,49.74333333333333
13-11-2020 00:00,14-11-2020 00:00,284.07000000000005,6,47.345000000000006
14-11-2020 00:00,15-11-2020 00:00,430.13,6,71.68833333333333
15-11-2020 00:00,16-11-2020 00:00,547.46,6,91.24333333333334
16-11-2020 00:00,17-11-2020 00:00,516.7700000000001,6,86.12833333333334
17-11-2020 00:00,18-11-2020 00:00,691.29,6,115.21499999999999
18-11-2020 00:00,19-11-2020 00:00,655.9999999999999,6,109.33333333333331
19-11-2020 00:00,20-11-2020 00:00,411.99,6,68.665
20-11-2020 00:00,21-11-2020 00:00,427.42,6,71.23666666666666
21-11-2020 00:00,22-11-2020 00:00,699.26,6,116.54333333333334
22-11-2020 00:00,23-11-2020 00:00,514.87,6,85.81166666666667
23-11-2020 00:00,24-11-2020 00:00,540.23,6,90.03833333333334
24-11-2020 00:00,25-11-2020 00:00,616.82,6,102.80333333333334
25-11-2020 00:00,26-11-2020 00:00,557.74,6,92.95666666666666
26-11-2020 00:00,27-11-2020 00:00,596.26,6,99.37666666666667
27-11-2020 00:00,28-11-2020 00:00,433.51,6,72.25166666666667
28-11-2020 00:00,29-11-2020 00:00,470.33,6,78.38833333333334
29-11-2020 00:00,30-11-2020 00:00,618.2299999999999,6,103.03833333333331
30-11-2020 00:00,01-12-2020 00:00,593.5799999999999,6,98.92999999999999
01-12-2020 00:00,02-12-2020 00:00,800.0600000000001,6,133.34333333333333
02-12-2020 00:00,03-12-2020 00:00,841.2,6,140.20000000000002
03-12-2020 00:00,04-12-2020 00:00,928.53,6,154.755
04-12-2020 00:00,05-12-2020 00:00,924.8400000000001,6,154.14000000000001
05-12-2020 00:00,06-12-2020 00:00,774.15,6,129.025
06-12-2020 00:00,07-12-2020 00:00,719.5099999999999,6,119.91833333333331
07-12-2020 00:00,08-12-2020 00:00,600.9799999999999,6,100.16333333333331
08-12-2020 00:00,09-12-2020 00:00,892.6200000000001,6,148.77
09-12-2020 00:00,10-12-2020 00:00,946.85,6,157.80833333333334
10-12-2020 00:00,11-12-2020 00:00,836.13,6,139.355
11-12-2020 00:00,12-12-2020 00:00,709.97,6,118.32833333333333
12-12-2020 00:00,13-12-2020 00:00,792.13,6,132.02166666666668
13-12-2020 00:00,14-12-2020 00:00,789.3899999999999,6,131.56499999999997
14-12-2020 00:00,15-12-2020 00:00,804.44,6,134.07333333333335
15-12-2020 00:00,16-12-2020 00:00,628.9,6,104.81666666666666
16-12-2020 00:00,17-12-2020 00:00,631.3199999999999,6,105.21999999999998
17-12-2020 00:00,18-12-2020 00:00,691.3,6,115.21666666666665
18-12-2020 00:00,19-12-2020 00:00,626.27,6,104.37833333333333
19-12-2020 00:00,20-12-2020 00:00,639.4100000000001,6,106.56833333333334
20-12-2020 00:00,21-12-2020 00:00,875.0799999999999,6,145.84666666666666
21-12-2020 00:00,22-12-2020 00:00,905.1700000000001,5,181.03400000000002
22-12-2020 00:00,23-12-2020 00:00,1191.42,6,198.57000000000002
23-12-2020 00:00,24-12-2020 00:00,953.8,6,158.96666666666667
24-12-2020 00:00,25-12-2020 00:00,717.17,5,143.434
25-12-2020 00:00,26-12-2020 00:00,682.9499999999999,5,136.58999999999997
26-12-2020 00:00,27-12-2020 00:00,727.42,5,145.48399999999998
27-12-2020 00:00,28-12-2020 00:00,720.6200000000001,5,144.12400000000002
28-12-2020 00:00,29-12-2020 00:00,998.93,6,166.48833333333332
29-12-2020 00:00,30-12-2020 00:00,1184.46,6,197.41
30-12-2020 00:00,31-12-2020 00:00,837.0300000000001,6,139.50500000000002
31-12-2020 00:00,01-01-2021 00:00,736.8400000000001,6,122.80666666666669
01-01-2021 00:00,02-01-2021 00:00,750.66,6,125.11
02-01-2021 00:00,03-01-2021 00:00,935.1600000000001,6,155.86
03-01-2021 00:00,04-01-2021 00:00,1054.65,6,175.775
04-01-2021 00:00,05-01-2021 00:00,839.97,6,139.995
05-01-2021 00:00,06-01-2021 00:00,665.7499999999999,6,110.95833333333331
06-01-2021 00:00,07-01-2021 00:00,886.47,6,147.745
07-01-2021 00:00,08-01-2021 00:00,909.6200000000001,6,151.60333333333335
08-01-2021 00:00,09-01-2021 00:00,640.44,6,106.74000000000001
09-01-2021 00:00,10-01-2021 00:00,585.5,6,97.58333333333333
10-01-2021 00:00,11-01-2021 00:00,543.12,6,90.52
11-01-2021 00:00,12-01-2021 00:00,616.84,6,102.80666666666667
12-01-2021 00:00,13-01-2021 00:00,600.51,6,100.085
13-01-2021 00:00,14-01-2021 00:00,626.6,6,104.43333333333334
14-01-2021 00:00,15-01-2021 00:00,703.56,6,117.25999999999999
15-01-2021 00:00,16-01-2021 00:00,670.32,5,134.06400000000002
16-01-2021 00:00,17-01-2021 00:00,814.28,5,162.856
17-01-2021 00:00,18-01-2021 00:00,910.17,5,182.034
18-01-2021 00:00,19-01-2021 00:00,1036.59,6,172.765
19-01-2021 00:00,20-01-2021 00:00,982.21,6,163.70166666666668
20-01-2021 00:00,21-01-2021 00:00,661.92,6,110.32
21-01-2021 00:00,22-01-2021 00:00,770.1700000000001,6,128.36166666666668
22-01-2021 00:00,23-01-2021 00:00,706.11,6,117.685
23-01-2021 00:00,24-01-2021 00:00,809.21,6,134.86833333333334
24-01-2021 00:00,25-01-2021 00:00,674.41,5,134.882
25-01-2021 00:00,26-01-2021 00:00,843.77,6,140.62833333333333
26-01-2021 00:00,27-01-2021 00:00,743.85,6,123.97500000000001
27-01-2021 00:00,28-01-2021 00:00,714.68,6,119.11333333333333
28-01-2021 00:00,29-01-2021 00:00,664.0700000000002,6,110.67833333333336
29-01-2021 00:00,30-01-2021 00:00,740.5,6,123.41666666666667
30-01-2021 00:00,31-01-2021 00:00,845.3,6,140.88333333333333
31-01-2021 00:00,01-02-2021 00:00,816.1100000000001,6,136.01833333333335
01-02-2021 00:00,02-02-2021 00:00,751.9,6,125.31666666666666
02-02-2021 00:00,03-02-2021 00:00,822.0999999999999,6,137.01666666666665
03-02-2021 00:00,04-02-2021 00:00,821.0,6,136.83333333333334
04-02-2021 00:00,05-02-2021 00:00,890.79,6,148.465
05-02-2021 00:00,06-02-2021 00:00,782.9100000000001,6,130.485
06-02-2021 00:00,07-02-2021 00:00,753.55,6,125.59166666666665
07-02-2021 00:00,08-02-2021 00:00,380.84000000000003,6,63.473333333333336
08-02-2021 00:00,09-02-2021 00:00,498.77000000000004,6,83.12833333333334
09-02-2021 00:00,10-02-2021 00:00,722.8599999999999,6,120.47666666666665
10-02-2021 00:00,11-02-2021 00:00,838.4200000000001,6,139.73666666666668
11-02-2021 00:00,12-02-2021 00:00,629.46,6,104.91000000000001
12-02-2021 00:00,13-02-2021 00:00,596.5999999999999,6,99.43333333333332
13-02-2021 00:00,14-02-2021 00:00,663.94,6,110.65666666666668
14-02-2021 00:00,15-02-2021 00:00,514.5500000000001,6,85.75833333333334
15-02-2021 00:00,16-02-2021 00:00,429.94,6,71.65666666666667
16-02-2021 00:00,17-02-2021 00:00,617.52,6,102.92
17-02-2021 00:00,18-02-2021 00:00,783.1,6,130.51666666666668
18-02-2021 00:00,19-02-2021 00:00,654.71,6,109.11833333333334
19-02-2021 00:00,20-02-2021 00:00,692.43,6,115.40499999999999
20-02-2021 00:00,21-02-2021 00:00,738.46,6,123.07666666666667
21-02-2021 00:00,22-02-2021 00:00,755.18,6,125.86333333333333
22-02-2021 00:00,23-02-2021 00:00,753.5899999999999,6,125.59833333333331
23-02-2021 00:00,24-02-2021 00:00,598.56,6,99.75999999999999
24-02-2021 00:00,25-02-2021 00:00,591.1099999999999,6,98.51833333333332
25-02-2021 00:00,26-02-2021 00:00,601.59,6,100.265
26-02-2021 00:00,27-02-2021 00:00,505.86999999999995,6,84.31166666666665
27-02-2021 00:00,28-02-2021 00:00,440.46999999999997,6,73.41166666666666
28-02-2021 00:00,01-03-2021 00:00,378.16,6,63.02666666666667
01-03-2021 00:00,02-03-2021 00:00,357.01,6,59.501666666666665
02-03-2021 00:00,03-03-2021 00:00,395.59,6,65.93166666666666
03-03-2021 00:00,04-03-2021 00:00,400.02,6,66.67
04-03-2021 00:00,05-03-2021 00:00,590.0899999999999,6,98.34833333333331
05-03-2021 00:00,06-03-2021 00:00,376.90000000000003,6,62.81666666666667
06-03-2021 00:00,07-03-2021 00:00,358.56,5,71.712
07-03-2021 00:00,08-03-2021 00:00,388.59000000000003,5,77.718
08-03-2021 00:00,09-03-2021 00:00,293.71,5,58.742
09-03-2021 00:00,10-03-2021 00:00,231.04000000000005,6,38.506666666666675
10-03-2021 00:00,11-03-2021 00:00,156.32,6,26.05333333333333
11-03-2021 00:00,12-03-2021 00:00,203.29,6,33.88166666666667
12-03-2021 00:00,13-03-2021 00:00,251.72,6,41.95333333333333
13-03-2021 00:00,14-03-2021 00:00,392.52,6,65.42
14-03-2021 00:00,15-03-2021 00:00,361.20000000000005,6,60.20000000000001
15-03-2021 00:00,16-03-2021 00:00,400.38,6,66.73
16-03-2021 00:00,17-03-2021 00:00,412.02,6,68.67
17-03-2021 00:00,18-03-2021 00:00,534.4,6,89.06666666666666
18-03-2021 00:00,19-03-2021 00:00,497.59999999999997,6,82.93333333333332
19-03-2021 00:00,20-03-2021 00:00,580.02,6,96.67
20-03-2021 00:00,21-03-2021 00:00,667.78,6,111.29666666666667
21-03-2021 00:00,22-03-2021 00:00,559.23,6,93.205
22-03-2021 00:00,23-03-2021 00:00,578.07,6,96.34500000000001
23-03-2021 00:00,24-03-2021 00:00,607.35,6,101.22500000000001
24-03-2021 00:00,25-03-2021 00:00,506.16,6,84.36
25-03-2021 00:00,26-03-2021 00:00,512.53,6,85.42166666666667
26-03-2021 00:00,27-03-2021 00:00,476.78000000000003,6,79.46333333333334
27-03-2021 00:00,28-03-2021 00:00,512.63,6,85.43833333333333
28-03-2021 00:00,29-03-2021 00:00,374.76,5,74.952
29-03-2021 00:00,30-03-2021 00:00,278.15,5,55.629999999999995
30-03-2021 00:00,31-03-2021 00:00,246.6,5,49.32
31-03-2021 00:00,01-04-2021 00:00,428.72,6,71.45333333333333
01-04-2021 00:00,02-04-2021 00:00,392.40999999999997,6,65.40166666666666
02-04-2021 00:00,03-04-2021 00:00,302.86,6,50.47666666666667
03-04-2021 00:00,04-04-2021 00:00,317.36,6,52.89333333333334
04-04-2021 00:00,05-04-2021 00:00,264.06,6,44.01
05-04-2021 00:00,06-04-2021 00:00,289.71,6,48.285
06-04-2021 00:00,07-04-2021 00:00,268.03000000000003,6,44.671666666666674
07-04-2021 00:00,08-04-2021 00:00,228.47,6,38.07833333333333
08-04-2021 00:00,09-04-2021 00:00,231.89,6,38.64833333333333
09-04-2021 00:00,10-04-2021 00:00,235.7,6,39.28333333333333
10-04-2021 00:00,11-04-2021 00:00,280.52,6,46.75333333333333
11-04-2021 00:00,12-04-2021 00:00,222.30999999999997,6,37.05166666666666
12-04-2021 00:00,13-04-2021 00:00,253.75000000000003,6,42.29166666666667
13-04-2021 00:00,14-04-2021 00:00,208.73,6,34.788333333333334
14-04-2021 00:00,15-04-2021 00:00,193.3,6,32.21666666666667
15-04-2021 00:00,16-04-2021 00:00,236.64999999999998,6,39.44166666666666
16-04-2021 00:00,17-04-2021 00:00,253.97999999999996,6,42.32999999999999
17-04-2021 00:00,18-04-2021 00:00,146.26,6,24.376666666666665
18-04-2021 00:00,19-04-2021 00:00,137.76000000000002,6,22.960000000000004
19-04-2021 00:00,20-04-2021 00:00,208.86,6,34.81
20-04-2021 00:00,21-04-2021 00:00,180.07,6,30.011666666666667
21-04-2021 00:00,22-04-2021 00:00,193.83999999999997,6,32.306666666666665
22-04-2021 00:00,23-04-2021 00:00,258.83,6,43.13833333333333
23-04-2021 00:00,24-04-2021 00:00,407.2,6,67.86666666666666
24-04-2021 00:00,25-04-2021 00:00,365.78999999999996,6,60.964999999999996
25-04-2021 00:00,26-04-2021 00:00,286.29,6,47.715
26-04-2021 00:00,27-04-2021 00:00,248.48000000000002,6,41.413333333333334
27-04-2021 00:00,28-04-2021 00:00,234.27,6,39.045
28-04-2021 00:00,29-04-2021 00:00,215.95000000000005,6,35.991666666666674
29-04-2021 00:00,30-04-2021 00:00,220.48000000000002,6,36.74666666666667
30-04-2021 00:00,01-05-2021 00:00,225.83,6,37.638333333333335
01-05-2021 00:00,02-05-2021 00:00,213.95000000000002,6,35.65833333333334
02-05-2021 00:00,03-05-2021 00:00,183.06,6,30.51
03-05-2021 00:00,04-05-2021 00:00,166.16000000000003,6,27.69333333333334
04-05-2021 00:00,05-05-2021 00:00,157.44000000000003,6,26.240000000000006
05-05-2021 00:00,06-05-2021 00:00,133.38,6,22.23
06-05-2021 00:00,07-05-2021 00:00,107.91999999999999,5,21.583999999999996
07-05-2021 00:00,08-05-2021 00:00,105.12999999999998,5,21.025999999999996
08-05-2021 00:00,09-05-2021 00:00,154.81,5,30.962
09-05-2021 00:00,10-05-2021 00:00,95.15,5,19.03
10-05-2021 00:00,11-05-2021 00:00,127.70000000000002,5,25.540000000000003
11-05-2021 00:00,12-05-2021 00:00,85.68,5,17.136000000000003
12-05-2021 00:00,13-05-2021 00:00,131.51000000000002,5,26.302000000000003
13-05-2021 00:00,14-05-2021 00:00,131.34,5,26.268
14-05-2021 00:00,15-05-2021 00:00,165.78,5,33.156
15-05-2021 00:00,16-05-2021 00:00,132.97,5,26.594
16-05-2021 00:00,17-05-2021 00:00,67.77000000000001,5,13.554000000000002
17-05-2021 00:00,18-05-2021 00:00,73.23,5,14.646
18-05-2021 00:00,19-05-2021 00:00,77.84,5,15.568000000000001
19-05-2021 00:00,20-05-2021 00:00,88.96,5,17.791999999999998
20-05-2021 00:00,21-05-2021 00:00,78.12,5,15.624
21-05-2021 00:00,22-05-2021 00:00,93.5,5,18.7
22-05-2021 00:00,23-05-2021 00:00,134.22000000000003,5,26.844000000000005
23-05-2021 00:00,24-05-2021 00:00,168.19,5,33.638
24-05-2021 00:00,25-05-2021 00:00,148.83,5,29.766000000000002
25-05-2021 00:00,26-05-2021 00:00,74.10999999999999,5,14.821999999999997
26-05-2021 00:00,27-05-2021 00:00,79.34,5,15.868
27-05-2021 00:00,28-05-2021 00:00,98.28,5,19.656
28-05-2021 00:00,29-05-2021 00:00,119.38999999999999,5,23.877999999999997
29-05-2021 00:00,30-05-2021 00:00,145.62,5,29.124000000000002
30-05-2021 00:00,31-05-2021 00:00,142.3,5,28.46
31-05-2021 00:00,01-06-2021 00:00,108.30000000000001,5,21.660000000000004
01-06-2021 00:00,02-06-2021 00:00,146.22,5,29.244
02-06-2021 00:00,03-06-2021 00:00,119.0,5,23.8
03-06-2021 00:00,04-06-2021 00:00,119.30000000000001,5,23.860000000000003
04-06-2021 00:00,05-06-2021 00:00,181.45,5,36.29
05-06-2021 00:00,06-06-2021 00:00,166.46,5,33.292
06-06-2021 00:00,07-06-2021 00:00,155.25,5,31.05
07-06-2021 00:00,08-06-2021 00:00,102.35000000000001,5,20.470000000000002
08-06-2021 00:00,09-06-2021 00:00,116.16,5,23.232
09-06-2021 00:00,10-06-2021 00:00,162.8,5,32.56
10-06-2021 00:00,11-06-2021 00:00,139.82999999999998,5,27.965999999999998
11-06-2021 00:00,12-06-2021 00:00,123.59,5,24.718
12-06-2021 00:00,13-06-2021 00:00,97.59,5,19.518
13-06-2021 00:00,14-06-2021 00:00,83.49,5,16.698
14-06-2021 00:00,15-06-2021 00:00,103.07,5,20.613999999999997
15-06-2021 00:00,16-06-2021 00:00,93.89,5,18.778
16-06-2021 00:00,17-06-2021 00:00,139.51999999999998,5,27.903999999999996
17-06-2021 00:00,18-06-2021 00:00,109.97,5,21.994
18-06-2021 00:00,19-06-2021 00:00,76.82,5,15.363999999999999
19-06-2021 00:00,20-06-2021 00:00,117.83000000000001,5,23.566000000000003
20-06-2021 00:00,21-06-2021 00:00,148.56,5,29.712
21-06-2021 00:00,22-06-2021 00:00,162.6,5,32.519999999999996
22-06-2021 00:00,23-06-2021 00:00,128.57,5,25.714
23-06-2021 00:00,24-06-2021 00:00,141.54,5,28.308
24-06-2021 00:00,25-06-2021 00:00,138.54999999999998,5,27.709999999999997
25-06-2021 00:00,26-06-2021 00:00,176.31,5,35.262
26-06-2021 00:00,27-06-2021 00:00,143.42000000000002,5,28.684000000000005
27-06-2021 00:00,28-06-2021 00:00,105.59,5,21.118000000000002
28-06-2021 00:00,29-06-2021 00:00,106.88000000000001,5,21.376
29-06-2021 00:00,30-06-2021 00:00,111.91000000000001,5,22.382
30-06-2021 00:00,01-07-2021 00:00,148.89999999999998,5,29.779999999999994
01-07-2021 00:00,02-07-2021 00:00,120.5,5,24.1
02-07-2021 00:00,03-07-2021 00:00,131.26999999999998,5,26.253999999999998
03-07-2021 00:00,04-07-2021 00:00,152.70000000000002,5,30.540000000000003
04-07-2021 00:00,05-07-2021 00:00,134.63,5,26.926
05-07-2021 00:00,06-07-2021 00:00,170.38,5,34.076
06-07-2021 00:00,07-07-2021 00:00,268.42,5,53.684000000000005
07-07-2021 00:00,08-07-2021 00:00,184.89999999999998,5,36.98
08-07-2021 00:00,09-07-2021 00:00,116.86,5,23.372
09-07-2021 00:00,10-07-2021 00:00,170.31,6,28.385
10-07-2021 00:00,11-07-2021 00:00,207.99,6,34.665
11-07-2021 00:00,12-07-2021 00:00,71.95000000000002,6,11.991666666666669
12-07-2021 00:00,13-07-2021 00:00,53.32,6,8.886666666666667
13-07-2021 00:00,14-07-2021 00:00,60.82,6,10.136666666666667
14-07-2021 00:00,15-07-2021 00:00,59.0,6,9.833333333333334
15-07-2021 00:00,16-07-2021 00:00,70.88,6,11.813333333333333
16-07-2021 00:00,17-07-2021 00:00,85.53,6,14.255
17-07-2021 00:00,18-07-2021 00:00,84.24,6,14.04
18-07-2021 00:00,19-07-2021 00:00,90.72,6,15.12
19-07-2021 00:00,20-07-2021 00:00,119.85999999999999,6,19.976666666666663
20-07-2021 00:00,21-07-2021 00:00,169.06,6,28.176666666666666
21-07-2021 00:00,22-07-2021 00:00,194.91,6,32.485
22-07-2021 00:00,23-07-2021 00:00,61.89,6,10.315
23-07-2021 00:00,24-07-2021 00:00,57.099999999999994,6,9.516666666666666
24-07-2021 00:00,25-07-2021 00:00,68.47,6,11.411666666666667
25-07-2021 00:00,26-07-2021 00:00,154.31,6,25.718333333333334
26-07-2021 00:00,27-07-2021 00:00,204.39000000000004,6,34.065000000000005
27-07-2021 00:00,28-07-2021 00:00,190.44,6,31.74
28-07-2021 00:00,29-07-2021 00:00,133.94,6,22.323333333333334
29-07-2021 00:00,30-07-2021 00:00,87.35000000000001,6,14.558333333333335
30-07-2021 00:00,31-07-2021 00:00,91.96000000000001,6,15.326666666666668
31-07-2021 00:00,01-08-2021 00:00,129.62,6,21.603333333333335
01-08-2021 00:00,02-08-2021 00:00,171.97,6,28.661666666666665
02-08-2021 00:00,03-08-2021 00:00,226.82000000000002,6,37.803333333333335
03-08-2021 00:00,04-08-2021 00:00,245.7,6,40.949999999999996
04-08-2021 00:00,05-08-2021 00:00,263.09000000000003,6,43.848333333333336
05-08-2021 00:00,06-08-2021 00:00,225.95,6,37.65833333333333
06-08-2021 00:00,07-08-2021 00:00,214.87,6,35.81166666666667
07-08-2021 00:00,08-08-2021 00:00,187.07,6,31.17833333333333
08-08-2021 00:00,09-08-2021 00:00,152.5,6,25.416666666666668
09-08-2021 00:00,10-08-2021 00:00,177.42,6,29.569999999999997
10-08-2021 00:00,11-08-2021 00:00,187.92,6,31.319999999999997
11-08-2021 00:00,12-08-2021 00:00,222.4,6,37.06666666666667
12-08-2021 00:00,13-08-2021 00:00,229.72,6,38.28666666666667
13-08-2021 00:00,14-08-2021 00:00,234.12999999999997,6,39.02166666666666
14-08-2021 00:00,15-08-2021 00:00,215.16,6,35.86
15-08-2021 00:00,16-08-2021 00:00,117.15,6,19.525000000000002
16-08-2021 00:00,17-08-2021 00:00,74.25,6,12.375
17-08-2021 00:00,18-08-2021 00:00,72.21000000000001,6,12.035000000000002
18-08-2021 00:00,19-08-2021 00:00,86.93,6,14.488333333333335
19-08-2021 00:00,20-08-2021 00:00,91.22999999999999,6,15.204999999999998
20-08-2021 00:00,21-08-2021 00:00,93.71,6,15.618333333333332
21-08-2021 00:00,22-08-2021 00:00,98.25,6,16.375
22-08-2021 00:00,23-08-2021 00:00,111.72999999999999,6,18.621666666666666
23-08-2021 00:00,24-08-2021 00:00,153.67000000000002,6,25.611666666666668
24-08-2021 00:00,25-08-2021 00:00,219.21999999999997,6,36.53666666666666
25-08-2021 00:00,26-08-2021 00:00,242.02999999999997,6,40.33833333333333
26-08-2021 00:00,27-08-2021 00:00,168.32,6,28.05333333333333
27-08-2021 00:00,28-08-2021 00:00,152.70999999999998,5,30.541999999999994
28-08-2021 00:00,29-08-2021 00:00,81.16000000000001,5,16.232000000000003
29-08-2021 00:00,30-08-2021 00:00,66.25999999999999,5,13.251999999999999
30-08-2021 00:00,31-08-2021 00:00,79.62,6,13.270000000000001
31-08-2021 00:00,01-09-2021 00:00,74.52000000000001,6,12.420000000000002
01-09-2021 00:00,02-09-2021 00:00,112.55000000000001,6,18.758333333333336
02-09-2021 00:00,03-09-2021 00:00,111.42,6,18.57
03-09-2021 00:00,04-09-2021 00:00,131.81,6,21.968333333333334
04-09-2021 00:00,05-09-2021 00:00,161.23999999999998,6,26.87333333333333
05-09-2021 00:00,06-09-2021 00:00,98.59,5,19.718
06-09-2021 00:00,07-09-2021 00:00,93.06,6,15.51
07-09-2021 00:00,08-09-2021 00:00,66.59,6,11.098333333333334
08-09-2021 00:00,09-09-2021 00:00,85.16,6,14.193333333333333
09-09-2021 00:00,10-09-2021 00:00,99.81,6,16.635
10-09-2021 00:00,11-09-2021 00:00,211.25,6,35.208333333333336
11-09-2021 00:00,12-09-2021 00:00,94.81000000000002,6,15.80166666666667
12-09-2021 00:00,13-09-2021 00:00,90.25999999999999,6,15.043333333333331
13-09-2021 00:00,14-09-2021 00:00,86.26,6,14.376666666666667
14-09-2021 00:00,15-09-2021 00:00,83.49000000000001,6,13.915000000000001
15-09-2021 00:00,16-09-2021 00:00,85.75,6,14.291666666666666
16-09-2021 00:00,17-09-2021 00:00,118.48,6,19.746666666666666
17-09-2021 00:00,18-09-2021 00:00,124.62,5,24.924
18-09-2021 00:00,19-09-2021 00:00,145.37,5,29.074
19-09-2021 00:00,20-09-2021 00:00,209.21,5,41.842
20-09-2021 00:00,21-09-2021 00:00,108.96,5,21.791999999999998
21-09-2021 00:00,22-09-2021 00:00,68.17999999999999,5,13.636
22-09-2021 00:00,23-09-2021 00:00,81.42,5,16.284
23-09-2021 00:00,24-09-2021 00:00,119.81,5,23.962
24-09-2021 00:00,25-09-2021 00:00,205.14000000000001,5,41.028000000000006
25-09-2021 00:00,26-09-2021 00:00,264.93999999999994,5,52.987999999999985
26-09-2021 00:00,27-09-2021 00:00,108.24000000000001,5,21.648000000000003
27-09-2021 00:00,28-09-2021 00:00,89.94999999999999,5,17.99
28-09-2021 00:00,29-09-2021 00:00,73.55000000000001,5,14.710000000000003
29-09-2021 00:00,30-09-2021 00:00,64.82,5,12.963999999999999
30-09-2021 00:00,01-10-2021 00:00,69.88,5,13.975999999999999
01-10-2021 00:00,02-10-2021 00:00,81.80000000000001,5,16.360000000000003
02-10-2021 00:00,03-10-2021 00:00,96.85000000000001,5,19.37
03-10-2021 00:00,04-10-2021 00:00,109.14,5,21.828
04-10-2021 00:00,05-10-2021 00:00,152.5,5,30.5
05-10-2021 00:00,06-10-2021 00:00,181.66000000000003,6,30.27666666666667
06-10-2021 00:00,07-10-2021 00:00,203.61,6,33.935
07-10-2021 00:00,08-10-2021 00:00,238.41000000000003,6,39.73500000000001
08-10-2021 00:00,09-10-2021 00:00,337.69,6,56.281666666666666
09-10-2021 00:00,10-10-2021 00:00,452.09,6,75.34833333333333
10-10-2021 00:00,11-10-2021 00:00,406.15,6,67.69166666666666
11-10-2021 00:00,12-10-2021 00:00,464.43,6,77.405
12-10-2021 00:00,13-10-2021 00:00,508.57,6,84.76166666666667
13-10-2021 00:00,14-10-2021 00:00,485.13000000000005,6,80.855
14-10-2021 00:00,15-10-2021 00:00,229.43999999999997,6,38.239999999999995
15-10-2021 00:00,16-10-2021 00:00,230.16,6,38.36
16-10-2021 00:00,17-10-2021 00:00,98.91,6,16.485
17-10-2021 00:00,18-10-2021 00:00,81.04000000000002,6,13.50666666666667
18-10-2021 00:00,19-10-2021 00:00,81.92,6,13.653333333333334
19-10-2021 00:00,20-10-2021 00:00,81.88,6,13.646666666666667
20-10-2021 00:00,21-10-2021 00:00,148.25,6,24.708333333333332
21-10-2021 00:00,22-10-2021 00:00,347.99,6,57.998333333333335
22-10-2021 00:00,23-10-2021 00:00,377.06,6,62.843333333333334
23-10-2021 00:00,24-10-2021 00:00,600.3100000000001,6,100.05166666666668
24-10-2021 00:00,25-10-2021 00:00,493.69,6,82.28166666666667
25-10-2021 00:00,26-10-2021 00:00,514.73,6,85.78833333333334
26-10-2021 00:00,27-10-2021 00:00,525.59,6,87.59833333333334
27-10-2021 00:00,28-10-2021 00:00,404.23,6,67.37166666666667
28-10-2021 00:00,29-10-2021 00:00,391.16,6,65.19333333333334
29-10-2021 00:00,30-10-2021 00:00,413.18999999999994,6,68.865
30-10-2021 00:00,31-10-2021 00:00,385.87,6,64.31166666666667
31-10-2021 00:00,01-11-2021 00:00,443.49999999999994,6,73.91666666666666
01-11-2021 00:00,02-11-2021 00:00,510.52000000000004,6,85.08666666666667
02-11-2021 00:00,03-11-2021 00:00,517.4399999999999,6,86.24
03-11-2021 00:00,04-11-2021 00:00,461.84000000000003,6,76.97333333333334
04-11-2021 00:00,05-11-2021 00:00,702.8,6,117.13333333333333
05-11-2021 00:00,06-11-2021 00:00,544.09,6,90.68166666666667
06-11-2021 00:00,07-11-2021 00:00,481.96,6,80.32666666666667
07-11-2021 00:00,08-11-2021 00:00,429.4200000000001,6,71.57000000000001
08-11-2021 00:00,09-11-2021 00:00,386.82000000000005,6,64.47000000000001
09-11-2021 00:00,10-11-2021 00:00,466.8,6,77.8
10-11-2021 00:00,11-11-2021 00:00,447.51,6,74.585
11-11-2021 00:00,12-11-2021 00:00,424.5400000000001,6,70.75666666666667
12-11-2021 00:00,13-11-2021 00:00,360.64,6,60.10666666666666
13-11-2021 00:00,14-11-2021 00:00,328.13,6,54.68833333333333
14-11-2021 00:00,15-11-2021 00:00,227.35000000000002,6,37.89166666666667
15-11-2021 00:00,16-11-2021 00:00,206.35999999999999,6,34.39333333333333
16-11-2021 00:00,17-11-2021 00:00,374.38,6,62.39666666666667
17-11-2021 00:00,18-11-2021 00:00,474.92,6,79.15333333333334
18-11-2021 00:00,19-11-2021 00:00,414.67999999999995,6,69.11333333333333
19-11-2021 00:00,20-11-2021 00:00,476.61,6,79.435
20-11-2021 00:00,21-11-2021 00:00,480.36999999999995,5,96.07399999999998
21-11-2021 00:00,22-11-2021 00:00,540.66,5,108.13199999999999
22-11-2021 00:00,23-11-2021 00:00,591.1800000000001,5,118.23600000000002
23-11-2021 00:00,24-11-2021 00:00,483.95,5,96.78999999999999
24-11-2021 00:00,25-11-2021 00:00,421.14000000000004,5,84.22800000000001
25-11-2021 00:00,26-11-2021 00:00,534.34,6,89.05666666666667
26-11-2021 00:00,27-11-2021 00:00,453.59,5,90.71799999999999
27-11-2021 00:00,28-11-2021 00:00,497.36,5,99.47200000000001
28-11-2021 00:00,29-11-2021 00:00,435.65,5,87.13
29-11-2021 00:00,30-11-2021 00:00,408.90999999999997,5,81.782
30-11-2021 00:00,01-12-2021 00:00,438.84999999999997,5,87.77
01-12-2021 00:00,02-12-2021 00:00,473.11,6,78.85166666666667
02-12-2021 00:00,03-12-2021 00:00,498.54999999999995,5,99.71
03-12-2021 00:00,04-12-2021 00:00,490.27,5,98.054
04-12-2021 00:00,05-12-2021 00:00,420.13000000000005,5,84.02600000000001
05-12-2021 00:00,06-12-2021 00:00,199.56,5,39.912
06-12-2021 00:00,07-12-2021 00:00,68.29,6,11.381666666666668
07-12-2021 00:00,08-12-2021 00:00,162.02,6,27.003333333333334
08-12-2021 00:00,09-12-2021 00:00,312.46999999999997,6,52.078333333333326
09-12-2021 00:00,10-12-2021 00:00,337.5,6,56.25
10-12-2021 00:00,11-12-2021 00:00,377.85999999999996,6,62.97666666666666
11-12-2021 00:00,12-12-2021 00:00,642.7,6,107.11666666666667
12-12-2021 00:00,13-12-2021 00:00,500.32,5,100.064
13-12-2021 00:00,14-12-2021 00:00,536.88,5,107.376
14-12-2021 00:00,15-12-2021 00:00,736.78,6,122.79666666666667
15-12-2021 00:00,16-12-2021 00:00,774.2300000000001,6,129.03833333333336
16-12-2021 00:00,17-12-2021 00:00,660.48,5,132.096
17-12-2021 00:00,18-12-2021 00:00,641.01,6,106.835
18-12-2021 00:00,19-12-2021 00:00,797.52,6,132.92
19-12-2021 00:00,20-12-2021 00:00,540.6700000000001,6,90.11166666666668
20-12-2021 00:00,21-12-2021 00:00,537.71,6,89.61833333333334
21-12-2021 00:00,22-12-2021 00:00,747.6299999999999,6,124.60499999999998
22-12-2021 00:00,23-12-2021 00:00,705.23,6,117.53833333333334
23-12-2021 00:00,24-12-2021 00:00,858.5,6,143.08333333333334
24-12-2021 00:00,25-12-2021 00:00,901.5300000000001,6,150.25500000000002
25-12-2021 00:00,26-12-2021 00:00,767.1,6,127.85000000000001
26-12-2021 00:00,27-12-2021 00:00,731.38,6,121.89666666666666
27-12-2021 00:00,28-12-2021 00:00,651.4599999999999,6,108.57666666666665
28-12-2021 00:00,29-12-2021 00:00,672.98,6,112.16333333333334
29-12-2021 00:00,30-12-2021 00:00,690.3100000000001,6,115.05166666666668
30-12-2021 00:00,31-12-2021 00:00,676.3799999999999,6,112.72999999999998
31-12-2021 00:00,01-01-2022 00:00,441.75,6,73.625
01-01-2022 00:00,02-01-2022 00:00,554.48,6,92.41333333333334
02-01-2022 00:00,03-01-2022 00:00,540.9399999999999,6,90.15666666666665
03-01-2022 00:00,04-01-2022 00:00,565.1199999999999,6,94.18666666666665
04-01-2022 00:00,05-01-2022 00:00,718.29,6,119.71499999999999
05-01-2022 00:00,06-01-2022 00:00,820.55,6,136.75833333333333
06-01-2022 00:00,07-01-2022 00:00,774.98,6,129.16333333333333
07-01-2022 00:00,08-01-2022 00:00,758.56,6,126.42666666666666
08-01-2022 00:00,09-01-2022 00:00,590.95,6,98.49166666666667
09-01-2022 00:00,10-01-2022 00:00,521.5999999999999,5,104.31999999999998
10-01-2022 00:00,11-01-2022 00:00,520.88,5,104.176
11-01-2022 00:00,12-01-2022 00:00,599.91,6,99.985
12-01-2022 00:00,13-01-2022 00:00,336.38,6,56.06333333333333
13-01-2022 00:00,14-01-2022 00:00,333.00000000000006,5,66.60000000000001
14-01-2022 00:00,15-01-2022 00:00,313.06000000000006,5,62.61200000000001
15-01-2022 00:00,16-01-2022 00:00,348.46999999999997,5,69.69399999999999
16-01-2022 00:00,17-01-2022 00:00,400.32,5,80.064
17-01-2022 00:00,18-01-2022 00:00,480.13,5,96.026
18-01-2022 00:00,19-01-2022 00:00,560.6800000000001,5,112.13600000000001
19-01-2022 00:00,20-01-2022 00:00,738.25,6,123.04166666666667
20-01-2022 00:00,21-01-2022 00:00,779.43,6,129.905
21-01-2022 00:00,22-01-2022 00:00,892.14,6,148.69
22-01-2022 00:00,23-01-2022 00:00,581.89,6,96.98166666666667
23-01-2022 00:00,24-01-2022 00:00,726.1399999999999,6,121.02333333333331
24-01-2022 00:00,25-01-2022 00:00,502.12,6,83.68666666666667
25-01-2022 00:00,26-01-2022 00:00,590.38,6,98.39666666666666
26-01-2022 00:00,27-01-2022 00:00,558.02,6,93.00333333333333
27-01-2022 00:00,28-01-2022 00:00,484.11,6,80.685
28-01-2022 00:00,29-01-2022 00:00,398.21,5,79.642
29-01-2022 00:00,30-01-2022 00:00,467.90000000000003,5,93.58000000000001
30-01-2022 00:00,31-01-2022 00:00,564.99,5,112.998
31-01-2022 00:00,01-02-2022 00:00,374.21000000000004,5,74.84200000000001
01-02-2022 00:00,02-02-2022 00:00,423.82,6,70.63666666666667
02-02-2022 00:00,03-02-2022 00:00,473.95000000000005,6,78.99166666666667
03-02-2022 00:00,04-02-2022 00:00,323.89,6,53.98166666666666
04-02-2022 00:00,05-02-2022 00:00,162.04000000000002,6,27.00666666666667
05-02-2022 00:00,06-02-2022 00:00,276.83000000000004,6,46.13833333333334
06-02-2022 00:00,07-02-2022 00:00,344.97999999999996,6,57.49666666666666
07-02-2022 00:00,08-02-2022 00:00,319.33000000000004,6,53.22166666666667
08-02-2022 00:00,09-02-2022 00:00,399.73,5,79.946
09-02-2022 00:00,10-02-2022 00:00,428.67,5,85.73400000000001
10-02-2022 00:00,11-02-2022 00:00,342.37999999999994,5,68.47599999999998
11-02-2022 00:00,12-02-2022 00:00,422.67999999999995,5,84.53599999999999
12-02-2022 00:00,13-02-2022 00:00,327.97,5,65.59400000000001
13-02-2022 00:00,14-02-2022 00:00,323.46000000000004,5,64.69200000000001
14-02-2022 00:00,15-02-2022 00:00,377.65000000000003,5,75.53
15-02-2022 00:00,16-02-2022 00:00,470.92999999999995,5,94.18599999999999
16-02-2022 00:00,17-02-2022 00:00,506.68,5,101.336
17-02-2022 00:00,18-02-2022 00:00,537.77,5,107.554
18-02-2022 00:00,19-02-2022 00:00,511.6700000000001,5,102.33400000000002
19-02-2022 00:00,20-02-2022 00:00,542.22,5,108.444
20-02-2022 00:00,21-02-2022 00:00,421.62000000000006,5,84.32400000000001
21-02-2022 00:00,22-02-2022 00:00,354.82,6,59.13666666666666
22-02-2022 00:00,23-02-2022 00:00,432.43,6,72.07166666666667
23-02-2022 00:00,24-02-2022 00:00,478.76000000000005,6,79.79333333333334
24-02-2022 00:00,25-02-2022 00:00,356.32,6,59.38666666666666
25-02-2022 00:00,26-02-2022 00:00,371.61,6,61.935
26-02-2022 00:00,27-02-2022 00:00,675.19,6,112.53166666666668
27-02-2022 00:00,28-02-2022 00:00,508.62,6,84.77
28-02-2022 00:00,01-03-2022 00:00,334.51000000000005,6,55.75166666666667
01-03-2022 00:00,02-03-2022 00:00,469.74,6,78.29
02-03-2022 00:00,03-03-2022 00:00,456.09000000000003,6,76.015
03-03-2022 00:00,04-03-2022 00:00,559.2399999999999,6,93.20666666666665
04-03-2022 00:00,05-03-2022 00:00,582.39,6,97.065
05-03-2022 00:00,06-03-2022 00:00,535.64,6,89.27333333333333
06-03-2022 00:00,07-03-2022 00:00,427.53,6,71.255
07-03-2022 00:00,08-03-2022 00:00,402.03,5,80.40599999999999
08-03-2022 00:00,09-03-2022 00:00,505.38,6,84.23
09-03-2022 00:00,10-03-2022 00:00,561.21,6,93.53500000000001
10-03-2022 00:00,11-03-2022 00:00,591.02,6,98.50333333333333
11-03-2022 00:00,12-03-2022 00:00,552.07,6,92.01166666666667
12-03-2022 00:00,13-03-2022 00:00,526.51,6,87.75166666666667
13-03-2022 00:00,14-03-2022 00:00,477.03,6,79.505
14-03-2022 00:00,15-03-2022 00:00,533.55,6,88.925
15-03-2022 00:00,16-03-2022 00:00,506.1500000000001,6,84.35833333333335
16-03-2022 00:00,17-03-2022 00:00,341.57,6,56.928333333333335
17-03-2022 00:00,18-03-2022 00:00,286.40999999999997,6,47.73499999999999
18-03-2022 00:00,19-03-2022 00:00,251.33,6,41.888333333333335
19-03-2022 00:00,20-03-2022 00:00,235.40000000000003,6,39.23333333333334
20-03-2022 00:00,21-03-2022 00:00,220.3,6,36.71666666666667
21-03-2022 00:00,22-03-2022 00:00,203.68,6,33.946666666666665
22-03-2022 00:00,23-03-2022 00:00,216.47,6,36.07833333333333
23-03-2022 00:00,24-03-2022 00:00,289.48,6,48.24666666666667
24-03-2022 00:00,25-03-2022 00:00,266.24,6,44.373333333333335
25-03-2022 00:00,26-03-2022 00:00,226.33,6,37.72166666666667
26-03-2022 00:00,27-03-2022 00:00,213.73000000000002,6,35.62166666666667
27-03-2022 00:00,28-03-2022 00:00,248.23,6,41.37166666666666
28-03-2022 00:00,29-03-2022 00:00,250.84,6,41.806666666666665
29-03-2022 00:00,30-03-2022 00:00,230.71,6,38.45166666666667
30-03-2022 00:00,31-03-2022 00:00,158.1,6,26.349999999999998
31-03-2022 00:00,01-04-2022 00:00,158.76,6,26.459999999999997
01-04-2022 00:00,02-04-2022 00:00,166.06,6,27.676666666666666
02-04-2022 00:00,03-04-2022 00:00,135.7,6,22.616666666666664
03-04-2022 00:00,04-04-2022 00:00,120.78999999999999,6,20.131666666666664
04-04-2022 00:00,05-04-2022 00:00,117.74999999999999,6,19.624999999999996
05-04-2022 00:00,06-04-2022 00:00,115.01,6,19.168333333333333
06-04-2022 00:00,07-04-2022 00:00,134.07,6,22.345
07-04-2022 00:00,08-04-2022 00:00,167.33,6,27.888333333333335
08-04-2022 00:00,09-04-2022 00:00,139.12,6,23.186666666666667
09-04-2022 00:00,10-04-2022 00:00,89.15,6,14.858333333333334
10-04-2022 00:00,11-04-2022 00:00,100.51,6,16.75166666666667
11-04-2022 00:00,12-04-2022 00:00,117.67999999999999,6,19.613333333333333
12-04-2022 00:00,13-04-2022 00:00,114.59,6,19.098333333333333
13-04-2022 00:00,14-04-2022 00:00,93.35,6,15.558333333333332
14-04-2022 00:00,15-04-2022 00:00,103.65,6,17.275000000000002
15-04-2022 00:00,16-04-2022 00:00,224.56,6,37.42666666666667
16-04-2022 00:00,17-04-2022 00:00,128.67000000000002,6,21.445000000000004
17-04-2022 00:00,18-04-2022 00:00,100.99,5,20.198
18-04-2022 00:00,19-04-2022 00:00,111.42999999999999,5,22.285999999999998
19-04-2022 00:00,20-04-2022 00:00,123.0,6,20.5
20-04-2022 00:00,21-04-2022 00:00,140.78,6,23.463333333333335
21-04-2022 00:00,22-04-2022 00:00,123.20000000000002,6,20.533333333333335
22-04-2022 00:00,23-04-2022 00:00,147.54,6,24.59
23-04-2022 00:00,24-04-2022 00:00,232.64,6,38.77333333333333
24-04-2022 00:00,25-04-2022 00:00,216.73999999999998,6,36.12333333333333
25-04-2022 00:00,26-04-2022 00:00,214.73000000000002,6,35.788333333333334
26-04-2022 00:00,27-04-2022 00:00,190.17000000000002,6,31.695000000000004
27-04-2022 00:00,28-04-2022 00:00,199.63,6,33.27166666666667
28-04-2022 00:00,29-04-2022 00:00,195.32999999999998,6,32.555
29-04-2022 00:00,30-04-2022 00:00,205.35000000000002,6,34.225
30-04-2022 00:00,01-05-2022 00:00,195.57999999999998,6,32.596666666666664
01-05-2022 00:00,02-05-2022 00:00,181.34,6,30.223333333333333
02-05-2022 00:00,03-05-2022 00:00,136.05,6,22.675
03-05-2022 00:00,04-05-2022 00:00,116.82,6,19.47
04-05-2022 00:00,05-05-2022 00:00,144.46,6,24.076666666666668
05-05-2022 00:00,06-05-2022 00:00,159.1,6,26.516666666666666
06-05-2022 00:00,07-05-2022 00:00,208.34999999999997,6,34.724999999999994
07-05-2022 00:00,08-05-2022 00:00,187.60999999999999,6,31.26833333333333
08-05-2022 00:00,09-05-2022 00:00,167.03,6,27.838333333333335
09-05-2022 00:00,10-05-2022 00:00,68.54,6,11.423333333333334
10-05-2022 00:00,11-05-2022 00:00,81.62,6,13.603333333333333
11-05-2022 00:00,12-05-2022 00:00,135.17000000000002,6,22.528333333333336
12-05-2022 00:00,13-05-2022 00:00,165.15000000000003,6,27.525000000000006
13-05-2022 00:00,14-05-2022 00:00,180.24999999999997,6,30.04166666666666
14-05-2022 00:00,15-05-2022 00:00,130.72,6,21.786666666666665
15-05-2022 00:00,16-05-2022 00:00,119.94999999999999,6,19.991666666666664
16-05-2022 00:00,17-05-2022 00:00,129.07,6,21.511666666666667
17-05-2022 00:00,18-05-2022 00:00,112.61999999999999,6,18.77
18-05-2022 00:00,19-05-2022 00:00,94.54,6,15.756666666666668
19-05-2022 00:00,20-05-2022 00:00,111.46,6,18.576666666666664
20-05-2022 00:00,21-05-2022 00:00,113.18,6,18.863333333333333
21-05-2022 00:00,22-05-2022 00:00,149.14999999999998,6,24.85833333333333
22-05-2022 00:00,23-05-2022 00:00,221.81,6,36.968333333333334
23-05-2022 00:00,24-05-2022 00:00,253.03000000000003,6,42.171666666666674
24-05-2022 00:00,25-05-2022 00:00,180.71,6,30.118333333333336
25-05-2022 00:00,26-05-2022 00:00,195.07999999999998,6,32.51333333333333
26-05-2022 00:00,27-05-2022 00:00,262.84999999999997,6,43.80833333333333
27-05-2022 00:00,28-05-2022 00:00,349.21,6,58.20166666666666
28-05-2022 00:00,29-05-2022 00:00,331.76,6,55.29333333333333
29-05-2022 00:00,30-05-2022 00:00,226.26999999999998,6,37.711666666666666
30-05-2022 00:00,31-05-2022 00:00,235.23,6,39.205
31-05-2022 00:00,01-06-2022 00:00,195.57,6,32.595
01-06-2022 00:00,02-06-2022 00:00,227.96,6,37.99333333333333
02-06-2022 00:00,03-06-2022 00:00,191.84,6,31.973333333333333
03-06-2022 00:00,04-06-2022 00:00,223.94,6,37.32333333333333
04-06-2022 00:00,05-06-2022 00:00,202.15999999999997,6,33.69333333333333
05-06-2022 00:00,06-06-2022 00:00,180.25,6,30.041666666666668
06-06-2022 00:00,07-06-2022 00:00,182.36,6,30.393333333333334
07-06-2022 00:00,08-06-2022 00:00,180.97000000000003,6,30.161666666666672
08-06-2022 00:00,09-06-2022 00:00,220.14999999999998,6,36.69166666666666
09-06-2022 00:00,10-06-2022 00:00,187.35,6,31.224999999999998
10-06-2022 00:00,11-06-2022 00:00,176.58,6,29.430000000000003
11-06-2022 00:00,12-06-2022 00:00,172.93,6,28.82166666666667
12-06-2022 00:00,13-06-2022 00:00,165.54000000000002,6,27.590000000000003
13-06-2022 00:00,14-06-2022 00:00,156.31,6,26.051666666666666
14-06-2022 00:00,15-06-2022 00:00,135.13,6,22.521666666666665
15-06-2022 00:00,16-06-2022 00:00,175.85,6,29.308333333333334
16-06-2022 00:00,17-06-2022 00:00,137.63,6,22.938333333333333
17-06-2022 00:00,18-06-2022 00:00,116.37,6,19.395
18-06-2022 00:00,19-06-2022 00:00,109.22999999999999,6,18.205
19-06-2022 00:00,20-06-2022 00:00,104.16,6,17.36
20-06-2022 00:00,21-06-2022 00:00,110.13,6,18.355
21-06-2022 00:00,22-06-2022 00:00,150.16,6,25.026666666666667
22-06-2022 00:00,23-06-2022 00:00,114.86,6,19.143333333333334
23-06-2022 00:00,24-06-2022 00:00,92.87,6,15.478333333333333
24-06-2022 00:00,25-06-2022 00:00,106.71000000000001,6,17.785
25-06-2022 00:00,26-06-2022 00:00,113.51,6,18.918333333333333
26-06-2022 00:00,26-06-2022 20:21,78.46,6,13.076666666666666
